{"cameraMode":{"drawMode":0,"name":"Shaded","section":"Shading Mode"},"sceneLighting":false,"audioPlay":false,"sceneViewState":{"showFog":true,"showMaterialUpdate":false,"showSkybox":false,"showFlares":true,"showImageEffects":true,"showParticleSystems":true},"in2DMode":false,"pivot":{"x":-0.010952449403703213,"y":0.011321932077407837,"z":-0.004026426933705807},"rotation":{"x":0.1041298508644104,"y":-0.038778044283390048,"z":0.004063011612743139,"w":0.9938002824783325},"size":0.06525248289108277,"orthographic":false}